<?xml version="1.0" encoding="UTF-8"?>
<beans xmlns="http://www.springframework.org/schema/beans"
       xmlns:xsi="http://www.w3.org/2001/XMLSchema-instance"
       xmlns:context="http://www.springframework.org/schema/context"
       xsi:schemaLocation="http://www.springframework.org/schema/beans http://www.springframework.org/schema/beans/spring-beans.xsd http://www.springframework.org/schema/context https://www.springframework.org/schema/context/spring-context.xsd">
    <context:property-placeholder location="db.properties"/>

    <bean id="dataSource" class="com.alibaba.druid.pool.DruidDataSource">
        <property name="driverClassName" value="${oracle_driver}"/>
        <property name="url" value="${oracle_url}"/>
        <property name="username" value="${oracle_username}"/>
        <property name="password" value="${oracle_password}"/>
    </bean>

    <bean id="sessionFactory" class="com.baomidou.mybatisplus.extension.spring.MybatisSqlSessionFactoryBean">
        <property name="configLocation" value="mybatis-config.xml"/>
        <property name="typeAliasesPackage" value="com.hyh.model"/>
        <property name="dataSource" ref="dataSource"/>
    </bean>

    <bean id="mapperScanner" class="org.mybatis.spring.mapper.MapperScannerConfigurer">
        <property name="basePackage" value="com.hyh.mapper"/>
    </bean>

    <context:component-scan base-package="com.hyh"/>

</beans>